{
  "accuracy": 0.9999047619047619,
  "precision_weighted": 0.9999051987767584,
  "recall_weighted": 0.9999047619047619,
  "f1_weighted": 0.9999048689984665,
  "precision_macro": 0.9988532110091743,
  "recall_macro": 0.9999750598563448,
  "f1_macro": 0.9994128166624524,
  "classification_report": {
    "0": {
      "precision": 1.0,
      "recall": 0.9999002394253791,
      "f1-score": 0.9999501172245224,
      "support": 10024.0
    },
    "1": {
      "precision": 0.9954128440366973,
      "recall": 1.0,
      "f1-score": 0.9977011494252873,
      "support": 217.0
    },
    "2": {
      "precision": 1.0,
      "recall": 1.0,
      "f1-score": 1.0,
      "support": 212.0
    },
    "3": {
      "precision": 1.0,
      "recall": 1.0,
      "f1-score": 1.0,
      "support": 47.0
    },
    "accuracy": 0.9999047619047619,
    "macro avg": {
      "precision": 0.9988532110091743,
      "recall": 0.9999750598563448,
      "f1-score": 0.9994128166624524,
      "support": 10500.0
    },
    "weighted avg": {
      "precision": 0.9999051987767584,
      "recall": 0.9999047619047619,
      "f1-score": 0.9999048689984665,
      "support": 10500.0
    }
  },
  "confusion_matrix": [
    [
      10023,
      1,
      0,
      0
    ],
    [
      0,
      217,
      0,
      0
    ],
    [
      0,
      0,
      212,
      0
    ],
    [
      0,
      0,
      0,
      47
    ]
  ],
  "validation_metrics": {
    "accuracy": 0.9991111111111111,
    "precision_weighted": 0.9991481481481482,
    "recall_weighted": 0.9991111111111111,
    "f1_weighted": 0.9991203603686932,
    "precision_macro": 0.9895833333333334,
    "recall_macro": 0.9997672253258846,
    "f1_macro": 0.994564409517486,
    "classification_report": {
      "0": {
        "precision": 1.0,
        "recall": 0.9990689013035382,
        "f1-score": 0.999534233814625,
        "support": 2148.0
      },
      "1": {
        "precision": 0.9583333333333334,
        "recall": 1.0,
        "f1-score": 0.9787234042553191,
        "support": 46.0
      },
      "2": {
        "precision": 1.0,
        "recall": 1.0,
        "f1-score": 1.0,
        "support": 46.0
      },
      "3": {
        "precision": 1.0,
        "recall": 1.0,
        "f1-score": 1.0,
        "support": 10.0
      },
      "accuracy": 0.9991111111111111,
      "macro avg": {
        "precision": 0.9895833333333334,
        "recall": 0.9997672253258846,
        "f1-score": 0.994564409517486,
        "support": 2250.0
      },
      "weighted avg": {
        "precision": 0.9991481481481482,
        "recall": 0.9991111111111111,
        "f1-score": 0.9991203603686932,
        "support": 2250.0
      }
    },
    "confusion_matrix": [
      [
        2146,
        2,
        0,
        0
      ],
      [
        0,
        46,
        0,
        0
      ],
      [
        0,
        0,
        46,
        0
      ],
      [
        0,
        0,
        0,
        10
      ]
    ]
  },
  "feature_importance": [
    {
      "feature": "exploit_cvss_interaction",
      "importance": 0.18092104630328387
    },
    {
      "feature": "cvss_severity_encoded",
      "importance": 0.12365585863163292
    },
    {
      "feature": "cvss_base_score",
      "importance": 0.11094440322254039
    },
    {
      "feature": "affected_products_count",
      "importance": 0.05721362206523064
    },
    {
      "feature": "cvss_exploitability_score",
      "importance": 0.05493869888457142
    },
    {
      "feature": "is_critical",
      "importance": 0.054195886230172956
    },
    {
      "feature": "cvss_scope_encoded",
      "importance": 0.052724464650317396
    },
    {
      "feature": "days_since_modified",
      "importance": 0.05247281015966225
    },
    {
      "feature": "total_impact_score",
      "importance": 0.05079200822618308
    },
    {
      "feature": "cvss_impact_score",
      "importance": 0.04411149528510761
    },
    {
      "feature": "has_exploit",
      "importance": 0.04122398429241301
    },
    {
      "feature": "is_high",
      "importance": 0.036501553313047705
    },
    {
      "feature": "is_medium",
      "importance": 0.027843563645811246
    },
    {
      "feature": "attack_vector_score",
      "importance": 0.02616364415937149
    },
    {
      "feature": "high_exploitability",
      "importance": 0.02603006599599546
    },
    {
      "feature": "modification_span_days",
      "importance": 0.014668933827109931
    },
    {
      "feature": "high_impact",
      "importance": 0.012288380036948633
    },
    {
      "feature": "confidentiality_score",
      "importance": 0.00791607879891652
    },
    {
      "feature": "integrity_score",
      "importance": 0.007635943049258146
    },
    {
      "feature": "attack_complexity_score",
      "importance": 0.004135666479085521
    },
    {
      "feature": "privileges_required_score",
      "importance": 0.003948131211619257
    },
    {
      "feature": "availability_score",
      "importance": 0.003225120757944394
    },
    {
      "feature": "age_days",
      "importance": 0.0031902135937795255
    },
    {
      "feature": "user_interaction_score",
      "importance": 0.002006112933945711
    },
    {
      "feature": "single_product",
      "importance": 0.00044790106320736003
    },
    {
      "feature": "is_low",
      "importance": 0.00034897922139261227
    },
    {
      "feature": "multiple_products",
      "importance": 0.0003183517266607353
    },
    {
      "feature": "widespread",
      "importance": 0.0001284075311706907
    },
    {
      "feature": "publish_quarter",
      "importance": 8.67470361952274e-06
    }
  ]
}