{
  "total_vulnerabilities": 12750,
  "by_risk_level": {
    "Critical": 0,
    "High": 0,
    "Medium": 57,
    "Low": 12551,
    "Informational": 142
  },
  "by_remediation_priority": {
    "Immediate (0-24 hours)": 0,
    "Urgent (1-7 days)": 0,
    "Scheduled (1-4 weeks)": 57,
    "Routine (1-3 months)": 12551,
    "Monitor Only": 142
  },
  "average_score": 32.85976988602963,
  "median_score": 32.7140625,
  "model_agreement_rate": 1.0,
  "average_confidence": 0.9606531102431057,
  "evaluation_metrics": {
    "rf_accuracy": 0.9733333333333334,
    "nn_accuracy": 0.9733333333333334,
    "final_prioritization_accuracy": 0.00203921568627451,
    "confusion_matrix": [
      [
        26,
        0,
        0
      ],
      [
        12410,
        0,
        0
      ],
      [
        257,
        57,
        0
      ]
    ]
  }
}